ラフデザイン株式会社,店舗スタッフ／営業／Web制作「デザイナー・エンジニア」他 勤務職種は本人の希望を考慮の上,"兵庫県 西宮市 西宮北口駅 徒歩7分                                                                                                                                                                    




西宮北口駅の求人
をすべて見る",月給18万円～30万円,公開していません,ラフデザイン株式会社
株式会社Atomis,Webエンジニア,兵庫県 神戸市,年収500万円～,公開していません,paiza転職
N’s Creates株式会社,Webエンジニア,兵庫県 神戸市 中央区,年収400万円～600万円,20日前,doda
INTLOOP株式会社,WEBシステムエンジニア,兵庫県,年収300万円～600万円,公開していません,U29JOB
アイ・エイ・ジェイ株式会社,Webエンジニア,兵庫県 神戸市 摂津本山駅,年収400万円～600万円,公開していません,doda
カワサキロボットサービス株式会社,Webエンジニア,兵庫県 明石市 西明石駅 徒歩15分,年収500万円～700万円,10日前,doda
ペタビット株式会社,フロントエンドエンジニア、WEBコーダー,兵庫県 神戸市 三宮駅 徒歩10分,年収366万円～460万円,6日前,Green
株式会社神戸デジタル・ラボ,Web開発エンジニア 自社内勤務／新しい技術に携りスキルアップしたい方へ,兵庫県 神戸市 三宮・花時計前駅,年収400万円～800万円,17日前,レバテックキャリア
ヒシダ産業株式会社,Web系システムエンジニア,兵庫県 神戸市 三ノ宮駅 徒歩3分,月給20万円～25万円,4日前,菱田産業株式会社C0000284954
株式会社ダイネンヒューマン,システムエンジニア Web開発・社内SE,兵庫県 姫路市 姫路駅 徒歩10分,年収350万円～500万円,8日前,マイナビ転職エージェントサーチ
株式会社トリニティーホールディングス-人事部,Webエンジニア／完全フルリモート／フルフレックス,兵庫県 神戸市,年収500万円～900万円,公開していません,株式会社トリニティーホールディングス-人事部
株式会社AMDlab,WEBエンジニア WEB開発スキルを磨ける／建築業界のDX推進,兵庫県 神戸市 灘区,年収400万円～700万円,21日前,リクルートエージェント
株式会社オフショア,自社製品の開発エンジニア WEB・スマホ開発スキルを磨ける環境,兵庫県 神戸市 中央区,年収400万円～800万円,7日前,リクルートエージェント
株式会社ダイセル,プラントエンジニア Web面接可,兵庫県 姫路市,年収400万円～850万円,21日前,リクルートエージェント
リベラ株式会社,神戸 webシステムエンジニア 技術力を高めたい方へ／常駐無／働きやすさ,兵庫県 神戸市 中央区,年収400万円～700万円,22日前,リクルートエージェント
株式会社メンバーズ メンバーズエッジカンパニー,Webエンジニア 関西／クライアントのプロダクト開発・ビジネスグロースを支援／アジャイル 開発,兵庫県 神戸市 三ノ宮駅,年収350万円～750万円,公開していません,レバテックキャリア
株式会社くすりの窓口,WEBエンジニア,兵庫県 神戸市 鷹取駅 徒歩9分,年収400万円～700万円,公開していません,U29JOB
株式会社ブロックヘッドワークス,Webエンジニア・コーダー,兵庫県 神戸市 六甲道駅 徒歩2分,"時給1,200円～1,500円",公開していません,株式会社ブロックヘッドワークス
東京コンピュータサービス株式会社,WEB・オープン系システムエンジニア／神戸支店・転勤なし,兵庫県 神戸市 三宮駅 徒歩5分,"月給20万2,000円～28万5,600円",公開していません,ハローワーク神戸
株式会社システムマーケティング研究所,プログラマー・webサービス系エンジニア,兵庫県 神戸市 元町駅 徒歩5分,月給25万円～32万円,公開していません,ひょうごで働こう！マッチングサイト
株式会社ジャム・デザイン,Webディレクター、WEBデザイナー、Webエンジニア／移住支援金対象,兵庫県 神戸市 三宮駅 徒歩10分,月給20万円～40万円,公開していません,ひょうごで働こう！マッチングサイト
learningBOX株式会社,システムエンジニア 自社Webシステム開発,兵庫県 たつの市 本竜野駅 徒歩10分,月給25万円～40万円,公開していません,learningBOX株式会社
株式会社モイネットシステム,Webデザイナー、UIエンジニア,兵庫県 神戸市 長田区,"時給1,300円～",公開していません,株式会社モイネットシステム
株式会社アイメック,WEB系システムエンジニア,兵庫県 神戸市 三宮駅 徒歩7分,年収350万円～600万円,公開していません,U29JOB
株式会社サイプレス・ソリューションズ,WEB系システムエンジニア・プログラマー経験者,兵庫県 神戸市 元町駅 徒歩7分,月給21万円～30万円,公開していません,ハローワーク神戸
株式会社CBS DESIGN 株式会社CBSデザ...,Webデザイナー、UIエンジニア,兵庫県 神戸市 元町駅,月給20万円～35万円,公開していません,株式会社CBS DESIGN
株式会社プラスワン,オープン系・Web系システムエンジニア,兵庫県 姫路市 姫路駅 徒歩15分,月給22万円～35万円,公開していません,ハローワーク姫路
株式会社アクレット,Webデザイナー、UIエンジニア,兵庫県 神戸市 三宮駅 徒歩10分,月給18万円～45万円,公開していません,株式会社アクレット
株式会社アスパーク 姫路オフィス,電気電子エンジニアWeb面接可,兵庫県 姫路市 姫路駅 徒歩2分,月給18万円～36万円,公開していません,株式会社アスパーク
株式会社Branding Engineer,Java経験浅めOK 2400円～,兵庫県 神戸市 神戸駅 徒歩2分,"時給2,400円～2,700円",21日前,エン派遣
株式会社ファインシステム,SE 直請け9割／自社内開発／様々な案件からキャリアを支援,兵庫県 加古川市,年収357万円～498万円,22日前,リクルートエージェント
学校法人コンピュータ総合学園,専門学校でのIT分野講師,兵庫県 神戸市 三宮駅 徒歩10分,年収350万円～400万円,2日前,CREATIVE JOB
株式会社スターリーナイトカンパニー,デザイナー／イベント企画／週休3日6時間勤務,兵庫県 神戸市 中央区,月給19万円～,公開していません,かんたん応募
株式会社キャプサー,EC業界向けSE・PG テレワーク&フレックス有,兵庫県 神戸市 神戸駅 徒歩3分,月給23万円～40万円,2日前,リクナビNEXT
株式会社アイ・シー・エス,ソフトウェア開発,兵庫県 神戸市 中央区,公開していません,26日前,マイナビAGENT
株式会社マプリィ,mapryエンジニア 地理空間情報アプリの開発／リモート勤務／DMMと資本提携,兵庫県 丹波市 黒井駅,年収300万円～600万円,16日前,レバテックキャリア
株式会社ジーエークロッシング,SE職～自社案件／SaaSアプリケーションサービス／新規事業立上げ～,兵庫県 神戸市 中央区,年収612万円～900万円,公開していません,doda
株式会社ミックウェア,ITエンジニア 100%自社内開発,兵庫県 神戸市 中央区,"年収500万円～1,000万円",公開していません,マイナビAGENT
株式会社イーイノベーション,2023 新卒採用 ソフトウェア,兵庫県,月給19万円～20万円,29日前,リクナビ2023
株式会社サイドスリー,Webデザイナー 神戸勤務／選べる出勤時間／官公庁・大手企業案件 多数あり／賞与年3回,兵庫県 神戸市 元町駅 徒歩8分,年収411万円～624万円,1日前,Green
株式会社ブルーム,高単価エンジニアへ フルスタックエンジニア ほぼフルリモート,兵庫県 神戸市,月給27万円～60万円,21日前,マイナビ転職
株式会社日本プレースメントセンター,インフラエンジニア:総合職採用,兵庫県,年収450万円～800万円,40分前,CREATIVE JOB
ソフメイト株式会社,プログラマ,兵庫県 西宮市 西宮北口駅,月給25万円～35万円,公開していません,ソフメイト株式会社
関西不動産販売株式会社,2023 新卒採用 不動産,兵庫県,月給18万円～24万円,8日前,リクナビ2023
K.S.ロジャース株式会社,フロントエンドエンジニア,兵庫県 神戸市 高速長田駅 徒歩20分,年収400万円～700万円,公開していません,U29JOB
株式会社YAOHACHI,青果のネット販売をともに広げていく! ECサイト制作・運営,兵庫県 神戸市 春日野道駅 徒歩5分,月給30万円～,2日前,リクナビNEXT
グース株式会社,プログラマ 土日祝休み!大分で積極採用中,兵庫県 小野市,月給14万円～30万円,公開していません,グース株式会社
ナブテスコ株式会社,情報システム総合職 SAPシステムの企画・運用、英語スキルが生かせる,兵庫県 神戸市 西区,公開していません,29日前,マイナビAGENT
アバナード株式会社,フロントエンドエンジニア プロジェクトマネージャー,兵庫県,"年収600万円～1,200万円",公開していません,Spring転職エージェント
株式会社キール,フロントエンドエンジニア,兵庫県 神戸市 元町駅 徒歩6分,年収350万円～750万円,3日前,Green
株式会社アクティス,システムエンジニア／直請け案件多数 上流業務あり,兵庫県 神戸市 中央区,公開していません,17日前,マイナビAGENT
株式会社あすか,システムエンジニア,兵庫県,年収300万円～550万円,公開していません,paiza転職
株式会社ナノコネクト,2023 新卒採用 ソフトウェア,兵庫県 神戸市 中央区,月給18万円～25万円,公開していません,リクナビ2023
株式会社スタートスター,SE・PG 自社内開発8割／残業ほぼなし／年間休日127日／自由度の高い社風／未経験OK,兵庫県,月給20万円～,公開していません,エン転職
日本ナレッジスペース株式会社,インフラエンジニア,兵庫県,年収300万円～600万円,公開していません,キャリコネ転職
旭光電機株式会社,アプリケーションエンジニア／完全週休二日制／年休120日／働き方〇,兵庫県 神戸市 兵庫区,公開していません,公開していません,マイナビAGENT
株式会社ブレーンパワー,正社員前提! システムエンジニアとしてキャリアアップ,兵庫県,"時給1,500円～",17時間前,エン派遣
株式会社LASSIC,勤務地:兵庫 東京の仕事を地元で…もっと意義ある仕事がしたい方が活躍する仕事,兵庫県 姫路市,公開していません,公開していません,マイナビAGENT
三菱電機インフォメーションネットワーク株式会社,アプリケーションシステム設計・開発・保守,兵庫県 尼崎市,年収500万円～700万円,公開していません,マイナビAGENT
オムロンエキスパートリンク株式会社,組込／アプリ開発 ITエンジニア 年休126日 最先端技術利用有,兵庫県 神戸市,"月給20万6,500円～50万円",公開していません,マイナビ転職
株式会社ビジョン,会社は皆で創る! 年休130日&残業月15h SE・NW設計,兵庫県 神戸市,月給25万円～60万円,2日前,リクナビNEXT
株式会社イーグリッド,ソフトウェアエンジニア Ruby／PHPエンジニア 募集,兵庫県 神戸市 神戸三宮駅 徒歩10分,月給23万円～65万円,3時間前,かんたん応募
株式会社ユニバーサルソリューション総研,システムエンジニア,兵庫県 尼崎市,月給30万円～50万円,公開していません,株式会社ユニバーサルソリューション総研
株式会社カネカ,電気エンジニア,兵庫県 高砂市 高砂駅,年収450万円～800万円,22日前,doda
エアグランデ株式会社,急募 システムエンジニア,兵庫県 尼崎市,公開していません,公開していません,マイナビAGENT
株式会社アイビネット,未経験から始めるITエンジニア 年休127日・土日祝休み／社宅・住宅手当アリ／賞与年3回／面接1回,兵庫県,月給18万円～40万円,10日前,エン転職
株式会社ネックスジャパン,8／25応募〆切 ITエンジニア リモートワーク積極的導入中,兵庫県,月給23万円～40万円,1日前,マイナビ転職
株式会社トータルマリアージュサポート,2023 新卒採用 ブライダル・冠婚葬祭,兵庫県,"月給18万5,000円～22万円",公開していません,リクナビ2023
株式会社P&P,神戸／開発エンジニア Linux経験者,兵庫県 神戸市,年収320万円～600万円,1日前,エージェントパーク
富士コンピュータ株式会社,自社内開発案件多数!20代～50代が活躍! ITエンジニア,兵庫県 加古川市 加古川駅 車10分,月給20万円～35万円,2日前,リクナビNEXT
株式会社Phoenixテクノロジーズ,開発エンジニア,兵庫県 姫路市,月給28万円～60万円,23日前,type
西菱電機株式会社,顧客向けSE／自社内開発で働きやすさ,兵庫県,年収400万円～650万円,公開していません,マイナビAGENT
株式会社エマーテック,2022 新卒採用 メーカー,兵庫県 神戸市 三宮駅 徒歩10分,公開していません,公開していません,Cheer Career
株式会社RISING 神戸支部,未経験から成長できるシステムエンジニア,兵庫県 神戸市 中央区,月給25万円～40万円,5日前,株式会社RISING
株式会社EIGHTIST,開発エンジニア／人と関わりたいエンジニアが集まる会社,兵庫県,月給27万円～55万円,7日前,doda
ミツキンシステム株式会社,フリーランスエンジニア 在宅可,兵庫県,月給25万円～70万円,公開していません,かんたん応募
株式会社JO2,IT技術者全般をを募集しております! 現在未経験の方は募集しておりません,兵庫県,年収300万円～960万円,公開していません,かんたん応募
株式会社ルミナス,あなたの言葉で未来を切り開く Web広告の提案営業&コンサル,兵庫県 神戸市 中央区,"月給27万5,000円～",17日前,マイナビ転職
株式会社アジャイルジェイピー,2023 新卒採用 ソフトウェア,兵庫県,"月給20万2,000円～22万6,000円",1日前,リクナビ2023
ティ・シー・ケイ株式会社,半導体製造装置フィールドエンジニア／装置の設置やトラブル対応,兵庫県 尼崎市,"月給23万3,000円～",1日前,リクナビNEXT
株式会社CTU,SE・PG 年休130日以上／テレワーク専門の働き方可能,兵庫県 神戸市,月給28万円～,1日前,リクナビNEXT
WDB株式会社,システムエンジニア,兵庫県 姫路市 姫路駅 徒歩15分,"時給1,600円～1,700円",3日前,WDB.com
株式会社relation,PG・SE,兵庫県 神戸市 中央区,月給25万円～,14日前,type
パーソルエクセルHRパートナーズ,紹介予定派遣!ヘルプデスク、インフラ運用,兵庫県 明石市 西明石駅 バス20分,"時給2,000円～2,100円",公開していません,エン派遣
株式会社神戸物産,システム開発,兵庫県 加古川市 加古川駅 徒歩7分,月給23万円～30万円,8日前,株式会社神戸物産
株式会社Wisdom Solution,開発エンジニア／集え!開発エンジニアの仲間たち,兵庫県,月給40万円～,24日前,type
株式会社エー・ジー・イーカンパニー,システムエンジニア・プログラマー,兵庫県 神戸市 三宮駅 徒歩5分,月給16万円～55万円,21日前,ハローワーク灘
株式会社アルテクナ,制御・組み込み系システムエンジニア／製造・メーカー,兵庫県 明石市 明石駅,"月給20万6,000円～",15日前,バイトルPRO
株式会社グッドコンピュータ,転勤なし 神戸で安定勤務&経験を活かす SE・PG,兵庫県 神戸市 元町駅 徒歩7分,月給30万円～50万円,2日前,リクナビNEXT
株式会社スキルアンドコミュニケーションズ,機械設計エンジニア 大手メーカー案件中心／勤務地は関西エリア内／賞与実績4ヶ月／WEB面接1回のみ,兵庫県,月給25万円～40万円,公開していません,エン転職
エヌアイシィ株式会社,アプリケーションエンジニア,兵庫県,年収360万円～700万円,公開していません,doda
株式会社クリプテックス,システムエンジニア,兵庫県 神戸市 三宮駅 徒歩5分,年収280万円～560万円,公開していません,U29JOB
有限会社ケンセイ情報,ITエンジニア 年間休日120日以上／残業月20時間以内,兵庫県,月給20万円～45万円,20日前,エン転職
株式会社テイジイエル 採用窓口,ヘルプデスク・ユーザーサポート,兵庫県 神戸市 和田岬駅 徒歩5分,"時給1,400円～1,600円",15時間前,はたらこねっと
株式会社ダイヤモンドパーソネル,三菱電機グループで活躍! 総合職,兵庫県 神戸市,月給24万円～30万円,20日前,マイナビ転職
大京システム開発株式会社,ITエンジニア 決算賞与21年連続支給／スピード選考／住宅手当・家族手当あり,兵庫県 神戸市 中央区,月給24万円～,公開していません,エン転職
神広企画株式会社,PM／PL候補募集!自社ECサイトのリニューアル・機能追加や、改修等をお任せ,兵庫県 神戸市 神戸駅 徒歩2分,年収480万円～800万円,2日前,Find Job!
ネゾット株式会社,インフラエンジニア,兵庫県 姫路市 姫路駅 徒歩5分,年収550万円～650万円,1日前,Green
株式会社ソフィア,プログラマ 神戸事務所,兵庫県 神戸市 三ノ宮駅 徒歩8分,月給21万950円～25万円,公開していません,かんたん応募
クリーンテックス・ジャパン株式会社,IT課課長,兵庫県 神戸市 西区,年収530万円,公開していません,paiza転職
MHI NSエンジニアリング株式会社,解析業務,兵庫県 神戸市 和田岬駅 徒歩10分,年収400万円～600万円,28日前,タイズ
新日造エンジ株式会社,自社製品を点検する メンテナンススタッフ 転勤なし!未経験OK,兵庫県 尼崎市,"月給19万5,000円～",1日前,マイナビ転職
情報セキュリティ株式会社,インターンシップ／神戸市勤務!セキュリティエンジニア・データサイエンティスト募集,兵庫県 神戸市 神戸駅 徒歩3分,"時給1,000円～",14日前,ゼロワンインターン
株式会社ダイセキ,幅広い業界に対応!機械設計 賞与4.5ヶ月・土日休・転勤なし,兵庫県 神戸市 三ノ宮駅,月給24万円～55万円,2日前,リクナビNEXT
株式会社メンバーズ メンバーズデータアドベンチャ...,データエンジニア,兵庫県 神戸市 中央区,"月給27万5,000円～46万7,000円",5日前,type
有限会社AlphaStyleSolution,未経験歓迎! ITサポート,兵庫県 神戸市,月給22万円～28万円,7日前,マイナビ転職
MHIソリューションテクノロジーズ株式会社,機械学習エンジニア 三菱重工業の100%子会社・福利厚生充実,兵庫県 神戸市 兵庫区,年収400万円～600万円,22日前,リクルートエージェント
株式会社ナノック,ABAPエンジニア,兵庫県 神戸市,年収400万円～800万円,公開していません,doda
株式会社マイクロマジック,未経験～ITエンジニア 人間性重視 PG・NW設計・IT事務,兵庫県 神戸市,年収330万円～880万円,6日前,リクナビNEXT
株式会社リスペクト,フルリモート!年休124日 WEBサイト担当,兵庫県 神戸市,"月給25万円～35万7,000円",29日前,リクナビNEXT
株式会社ブレイン・ゲート,2023 新卒採用 ソフトウェア,兵庫県,"月給19万5,000円～22万円",公開していません,リクナビ2023
株式会社アテック,100%上流工程 次世代のクルマをつくる,兵庫県 神戸市,月給25万円～50万円,17日前,マイナビ転職
アクセンチュア株式会社,総合職,兵庫県,年収430万円～,19日前,マイナビ転職
株式会社ワンパートナーリレーションズ,自分らしく楽しく成長 繋がりを大切にする会社のSE・PG,兵庫県 神戸市,月給25万円～40万円,2日前,リクナビNEXT
公益財団法人高輝度光科学研究センター 事務部門,社内SE,兵庫県 相生市 相生駅,年収515万円,6日前,type
株式会社セルア,ITエンジニア 未経験者は90日の研修で育成／自社開発案件あり,兵庫県,月給30万円～60万円,2日前,マイナビ転職
株式会社SICデジタル,組込みエンジニア,兵庫県 姫路市 姫路駅,年収350万円～500万円,3日前,doda
株式会社JOINT CREW,フロントエンドエンジニア／年休125日／リモート／フレックス,兵庫県 神戸市 中央区,月給25万円～50万円,公開していません,doda
フューチャーアーキテクト株式会社,ITコンサルタント ～全国各地より勤務可能～,兵庫県,"年収600万円～2,000万円",公開していません,マイナビAGENT
アクティスジャパン株式会社,エンジニア・PG VB.NETエンジニア,兵庫県,月給25万円～50万円,公開していません,PROSEEK
株式会社ヒューマンクリエイションホールディングス,福岡営業所 東証マザーズ上場・ヒューマンクリエイションホールディングスグループ,兵庫県,年収500万円～,4日前,Green
株式会社アンク,社内SE 在宅勤務・希望休OK,兵庫県 神戸市,年収300万円～,2日前,リクナビNEXT
株式会社オレンジスピリッツ,「PHP／CodeIgniterエンジニア×完全在宅」長期でSaaS保守開発を淡々と#フレックス#海...,兵庫県,"時給2,000円～3,000円",5時間前,かんたん応募
株式会社PECO,デジタルマーケ専門のコンサルタント,兵庫県 神戸市,"月給33万3,300円～50万円",27日前,リクナビNEXT
三菱電機プラントエンジニアリング株式会社,海外電力会社向けプラント装置の試験業務,兵庫県 神戸市 兵庫区,年収400万円～600万円,24日前,doda
株式会社ベネスト,システムエンジニア,兵庫県 神戸市 神戸駅 徒歩4分,年収380万円～700万円,公開していません,U29JOB
株式会社カスタメディア,Webディレクター 急成長シェアリングエコノミー、マッチングサイトのシステムエンジニアをお任せ,兵庫県 神戸市 神戸駅,年収500万円～800万円,17日前,レバテックキャリア
RPAホールディングス株式会社,RoboRoboエンジニアリーダー,兵庫県,"年収600万円～1,000万円",29日前,Spring転職エージェント
ユニバーサルコンピューター株式会社,組み込みエンジニア ～45年の歴史を持つ老舗SIer～,兵庫県 姫路市,年収464万円～652万円,3日前,doda
CADs 人事部採用課,設計者を目指せるCADエンジニア,兵庫県 神戸市 兵庫区                                                                                                                                                                その他 (8),月給23万円～30万円,5日前,かんたん応募
株式会社ユビレジ,PdM,兵庫県,"年収500万円～1,080万円",公開していません,マイナビAGENT
株式会社キャリア,2023 新卒採用 人材サービス／人材紹介・人材派遣,兵庫県,"月給23万1,700円",公開していません,リクナビ2023
三和ペーパーサービス株式会社,インフラエンジニア,兵庫県 神戸市 須磨区,月給35万円～,13日前,type
株式会社クラックスシステム,育成採用!成長できる 初級ITエンジニア 賞与年2回／年休120日,兵庫県 尼崎市,月給22万円～35万円,公開していません,マイナビ転職
田辺工業株式会社,自動化装置の制御 資格支援制度が充実／東証2部,兵庫県 姫路市 広畑駅,年収450万円～660万円,公開していません,doda
株式会社ガラパゴス,クリエイティブチーム マネージャー候補 AIで最先端のクリエイティブ制作に携わる,兵庫県,年収500万円～800万円,6日前,en ミドルの転職
株式会社タック,希望のキャリアパスを目指せる ITエンジニア 年間休日125日,兵庫県 神戸市,月給25万円～,公開していません,マイナビ転職
コンピューターマネージメント株式会社,アプリ開発エンジニア,兵庫県,年収350万円～550万円,3日前,doda
PayPay株式会社,AWSエンジニア,兵庫県,"年収500万円～1,200万円",公開していません,Spring転職エージェント
株式会社アイティーシー,開発エンジニア リモート勤務も歓迎／Python・ Javaを中心に上流工程にも挑戦「次はAI」,兵庫県,月給22万円～60万円,公開していません,エン転職
日本スピンドル製造株式会社,サービスエンジニア,兵庫県 尼崎市 尼崎駅 徒歩10分,年収430万円～640万円,9日前,doda
株式会社プロアクティブ,SE,兵庫県 神戸市 三宮駅 徒歩10分,年収450万円～550万円,公開していません,doda
エス・アイ・エス株式会社,2023 新卒採用 情報処理,兵庫県,"月給18万5,000円～19万5,000円",公開していません,リクナビ2023
株式会社ウィジェット,開発エンジニア／SE・PG／AI・IoT案件等幅広い案件アリ,兵庫県,月給25万円～40万円,22日前,doda
株式会社Ping-t,IT試験対策の問題作成・保守スタッフ,兵庫県 神戸市 東灘区,月給22万円～,公開していません,しゅふJOB
株式会社エフエスティ,既卒歓迎／SE・PG／ゼロから成長できて待遇も抜群!「鉄道」や「自動車」関連にも携われる,兵庫県 尼崎市 猪名寺駅 徒歩5分,年収300万円～650万円,5日前,Re就活
公益財団法人高輝度光科学研究センター,研究施設の社内SE,兵庫県 相生市 相生駅,年収661万円,2日前,type
三菱電機エンジニアリング株式会社,組込みソフトウェア開発,兵庫県 尼崎市 猪名寺駅,年収400万円～700万円,公開していません,doda
株式会社ウィルエージェンシー,オフィス事務,兵庫県 姫路市 姫路駅 徒歩7分,"月給21万5,000円～",14時間前,WAQQQ!
株式会社ダイハツビジネスサポートセンター,業務系システムエンジニア,兵庫県 伊丹市 北伊丹駅,年収484万円～642万円,公開していません,doda
コベルコシステム株式会社,システムエンジニア,兵庫県 高砂市 荒井駅,年収400万円～670万円,3日前,doda
サイバーフリークス株式会社,Webデザイナー 完全リモート在宅勤務!副業OK!時短OK!自由な社風,兵庫県,月給26万円～50万円,公開していません,かんたん応募
株式会社ジェイテック,2023 新卒採用 自動車,兵庫県,"月給18万1,200円～20万2,760円",公開していません,リクナビ2023
株式会社アドバンスクリエイト,コンサルティング営業,兵庫県 神戸市 中央区,年収400万円～470万円,23日前,マイナビAGENT
エレクス株式会社,ITエンジニア／自社案件有／フルリモート／エンドユーザー8割,兵庫県,月給34万円～70万円,公開していません,doda
株式会社ナブテック,神戸／組込設計 未経験歓迎／最先端技術・設備／教育・研修体制／Web面接可,兵庫県 神戸市 西区,年収400万円～500万円,22日前,リクルートエージェント
デザミス株式会社,"サーバーサイドエンジニア SE,PG／バックエンドエンジニア ITで農業の発展に貢献!自社サ",兵庫県 三田市 三田駅,年収350万円～700万円,16日前,レバテックキャリア
株式会社パウレック,メンテナンス 粉体装置国内シェアトップクラス企業,兵庫県 伊丹市,年収400万円～700万円,公開していません,マイナビAGENT
株式会社トレス・バインド,オープン系システムエンジニア,兵庫県,年収300万円～850万円,公開していません,doda
ネット・インフォメーション株式会社,インフラエンジニア クラウド案件増加中 20～40代活躍中,兵庫県 神戸市,月給25万円～50万円,2日前,マイナビ転職
株式会社Ling,2023 新卒採用 人材サービス／人材紹介・人材派遣,兵庫県,"月給21万2,500円",28日前,リクナビ2023
株式会社EDIBAM,高給与を目指す若手エンジニア求む,兵庫県,月給25万円～65万円,公開していません,かんたん応募
株式会社レックス,バックエンドエンジニア,兵庫県 西宮市 西宮駅 徒歩5分,年収350万円～400万円,公開していません,U29JOB
ウインクレル株式会社,医療・食品向け機械装置の納入・保守,兵庫県 神戸市 中央区,年収400万円～600万円,公開していません,doda
株式会社プロポーザル,SE,兵庫県,月給32万円～53万円,9日前,type
カタチネクスト株式会社,未経験からプログラマーに!若手活躍中,兵庫県 神戸市 中央区,月給25万円～30万円,14日前,カタチネクスト株式会社
株式会社エディオン,ITエンジニア／エディオン 本社 尼崎事務所,兵庫県 尼崎市 尼崎駅 徒歩2分,月給24万円～45万円,公開していません,株式会社エディオン
