ラフデザイン株式会社,店舗スタッフ／営業／Web制作「デザイナー・エンジニア」他 勤務職種は本人の希望を考慮の上,"兵庫県 西宮市 西宮北口駅 徒歩7分                                                                                                                                                                    




西宮北口駅の求人
をすべて見る",月給18万円～30万円,2日前,ラフデザイン株式会社
N’s Creates株式会社,Webエンジニア,兵庫県 神戸市 中央区,年収400万円～600万円,公開していません,doda
アイ・エイ・ジェイ株式会社,Webエンジニア・サーバレスエンジニア,兵庫県 神戸市 摂津本山駅,年収400万円～600万円,公開していません,doda
株式会社Atomis,Webエンジニア,兵庫県 神戸市,年収500万円～,公開していません,paiza転職
カワサキロボットサービス株式会社,Webエンジニア,兵庫県 明石市 西明石駅 徒歩15分,年収500万円～700万円,21日前,doda
株式会社アイメック,Web系システムエンジニア SE,兵庫県 神戸市 三ノ宮駅 徒歩7分,年収～600万円,11日前,Green
株式会社神戸デジタル・ラボ,Web開発エンジニア 自社内勤務／新しい技術に携りスキルアップしたい方へ,兵庫県 神戸市 三宮・花時計前駅,年収400万円～800万円,8日前,レバテックキャリア
株式会社トリニティーホールディングス-人事部,Webエンジニア／完全フルリモート／フルフレックス,兵庫県 神戸市,年収500万円～900万円,3日前,株式会社トリニティーホールディングス-人事部
株式会社AMDlab,Webエンジニア:最新自動設計サービスの開発 埼玉・千葉・神奈川・愛知・大阪・福岡勤務,兵庫県 神戸市 元町駅 徒歩5分,年収500万円～699万円,10時間前,Green
ヒシダ産業株式会社,急募／Web系システムエンジニア,兵庫県 神戸市 三ノ宮駅 徒歩3分,月給20万円～30万円,2日前,菱田産業株式会社C0000284954
株式会社システムマーケティング研究所,プログラマー・webサービス系エンジニア,兵庫県 神戸市 元町駅 徒歩5分,月給25万円～32万円,4日前,ひょうごで働こう！マッチングサイト
株式会社神戸物産,ITエンジニア／WEB開発 現場の声を基にじっくり開発,兵庫県 加古川市,月給23万円～30万円,10日前,リクナビNEXT
コベルコソフトサービス株式会社,アプリケーションエンジニア Web・オープン系／関西勤務／キャリアアップOK,兵庫県 神戸市 岩屋駅,年収340万円～530万円,8日前,レバテックキャリア
株式会社リクルートスタッフィング,開発エンジニア + WEB運用・更新,兵庫県 神戸市 マリンパーク駅 徒歩10分,"時給2,100円～",6日前,リクルートスタッフィング
株式会社メンバーズ メンバーズエッジカンパニー,Webエンジニア 関西／クライアントのプロダクト開発・ビジネスグロースを支援／アジャイル 開発,兵庫県 神戸市 三ノ宮駅,年収350万円～750万円,公開していません,レバテックキャリア
株式会社くすりの窓口,WEBエンジニア,兵庫県 神戸市 鷹取駅 徒歩9分,年収400万円～700万円,公開していません,U29JOB
株式会社ブロックヘッドワークス,Webエンジニア・コーダー,兵庫県 神戸市 六甲道駅 徒歩2分,"時給1,200円～1,500円",公開していません,株式会社ブロックヘッドワークス
東京コンピュータサービス株式会社,WEB・オープン系システムエンジニア／神戸支店・転勤なし,兵庫県 神戸市 三宮駅 徒歩5分,"月給20万2,000円～28万5,600円",公開していません,ハローワーク神戸
株式会社ジャム・デザイン,Webディレクター、WEBデザイナー、Webエンジニア／移住支援金対象,兵庫県 神戸市 三宮駅 徒歩10分,月給20万円～40万円,公開していません,ひょうごで働こう！マッチングサイト
learningBOX株式会社,システムエンジニア 自社Webシステム開発,兵庫県 たつの市 本竜野駅 徒歩10分,月給25万円～40万円,公開していません,learningBOX株式会社
株式会社モイネットシステム,Webデザイナー、UIエンジニア,兵庫県 神戸市 長田区,"時給1,300円～",公開していません,株式会社モイネットシステム
株式会社CBS DESIGN 株式会社CBSデザ...,Webデザイナー、UIエンジニア,兵庫県 神戸市 元町駅,月給20万円～35万円,公開していません,株式会社CBS DESIGN
株式会社アクレット,Webデザイナー、UIエンジニア,兵庫県 神戸市 三宮駅 徒歩10分,月給18万円～45万円,公開していません,株式会社アクレット
株式会社アスパーク 姫路オフィス,電気電子エンジニアWeb面接可,兵庫県 姫路市 姫路駅 徒歩2分,月給18万円～36万円,公開していません,株式会社アスパーク
学校法人コンピュータ総合学園,専門学校でのIT分野講師,兵庫県 神戸市 三宮駅 徒歩10分,年収350万円～400万円,3日前,CREATIVE JOB
株式会社スターリーナイトカンパニー,デザイナー／イベント企画／週休3日6時間勤務,兵庫県 神戸市 中央区,月給19万円～,公開していません,かんたん応募
株式会社MonotaRO,サーバーサイドエンジニア／システムエンジニア SEO施策を推進!ITエンジニアリング経験を活かせます,兵庫県 尼崎市 出屋敷駅,年収500万円～800万円,8日前,レバテックキャリア
株式会社日本プレースメントセンター,インフラエンジニア:総合職採用,兵庫県,年収450万円～800万円,14時間前,CREATIVE JOB
株式会社マプリィ,mapryエンジニア 地理空間情報アプリの開発／リモート勤務／DMMと資本提携,兵庫県 丹波市 黒井駅,年収300万円～600万円,8日前,レバテックキャリア
関西不動産販売株式会社,2023 新卒採用 不動産,兵庫県,月給18万円～24万円,7日前,リクナビ2023
ソフメイト株式会社,プログラマ,兵庫県 西宮市 西宮北口駅,月給25万円～35万円,公開していません,ソフメイト株式会社
株式会社サイドスリー,Webデザイナー 神戸勤務／選べる出勤時間／官公庁・大手企業案件 多数あり／賞与年3回,兵庫県 神戸市 元町駅 徒歩8分,年収411万円～624万円,7時間前,Green
株式会社ジーエークロッシング,SE職～自社案件／SaaSアプリケーションサービス／新規事業立上げ～,兵庫県 神戸市 中央区,年収612万円～900万円,公開していません,doda
K.S.ロジャース株式会社,フロントエンドエンジニア,兵庫県 神戸市 高速長田駅 徒歩20分,年収400万円～700万円,公開していません,U29JOB
グース株式会社,プログラマ 土日祝休み!大分で積極採用中,兵庫県 小野市,月給14万円～30万円,公開していません,グース株式会社
アバナード株式会社,フロントエンドエンジニア プロジェクトマネージャー,兵庫県,"年収600万円～1,200万円",公開していません,Spring転職エージェント
株式会社インタードリーム,システムエンジニア／プロジェクトリーダー,兵庫県 神戸市 みなと元町駅 徒歩1分,年収600万円～800万円,4時間前,paiza転職
株式会社カスタメディア,法人営業／未経験からIT業界デビュー可能,兵庫県 神戸市 中央区,月給25万円～58万円,4日前,エン転職
日本ナレッジスペース株式会社,インフラエンジニア,兵庫県,月給25万円～,2日前,かんたん応募
株式会社あすか,システムエンジニア,兵庫県,年収300万円～550万円,公開していません,paiza転職
株式会社ナノコネクト,2023 新卒採用 ソフトウェア,兵庫県 神戸市 中央区,月給18万円～25万円,公開していません,リクナビ2023
株式会社ジェー・ピー・シー,デザイナー 職場環境&業績 月給26万円～,兵庫県 神戸市,月給26万円～,10日前,マイナビ転職
株式会社アクティス,システムエンジニア／直請け案件多数 上流業務あり,兵庫県 神戸市 中央区,公開していません,28日前,マイナビAGENT
株式会社カネカ,電気エンジニア,兵庫県 高砂市 高砂駅,年収450万円～800万円,公開していません,doda
株式会社スタートスター,SE・PG 自社内開発8割／残業ほぼなし／年間休日127日／自由度の高い社風／未経験OK,兵庫県,月給20万円～,公開していません,エン転職
オムロンエキスパートリンク株式会社,組込／アプリ開発 ITエンジニア 年休126日 最先端技術利用有,兵庫県 神戸市,"月給20万6,500円～50万円",公開していません,マイナビ転職
株式会社Phoenixテクノロジーズ,開発エンジニア,兵庫県 姫路市,月給28万円～60万円,7日前,type
テックマート株式会社,SE,兵庫県,年収400万円～600万円,4時間前,かんたん応募
株式会社ユニバーサルソリューション総研,システムエンジニア,兵庫県 尼崎市,月給30万円～50万円,公開していません,株式会社ユニバーサルソリューション総研
株式会社アルメディア・ネットワーク,ITエンジニア 受託案件中心／月給40万～55万円／賞与年2回,兵庫県,月給40万円～55万円,4日前,マイナビ転職
株式会社RISING 神戸支部,未経験から成長できるシステムエンジニア,兵庫県 神戸市 中央区,月給25万円～40万円,17日前,株式会社RISING
日総工産株式会社,システムエンジニア 大手製鉄メーカーの情報処理システム開発、保守のお仕事です。／,兵庫県 加古川市,年収400万円～500万円,11日前,エンジニアワークス
大京システム開発株式会社,ITエンジニア／少しの実務経験でOK／東京案件増,兵庫県 神戸市 三宮駅 徒歩8分,月給22万円～,2日前,doda
株式会社トータルマリアージュサポート,2023 新卒採用 ブライダル・冠婚葬祭,兵庫県,"月給18万5,000円～22万円",公開していません,リクナビ2023
株式会社Nascom,ITエンジニア,兵庫県,月給25万円～45万円,6時間前,type
株式会社Wisdom Solution,開発エンジニア／集え!開発エンジニアの仲間たち,兵庫県,月給40万円～,7日前,type
株式会社イーグリッド,ソフトウェアエンジニア Ruby／PHPエンジニア 募集,兵庫県 神戸市 神戸三宮駅 徒歩10分,月給23万円～65万円,11日前,かんたん応募
ミツキンシステム株式会社,フリーランスエンジニア 在宅可,兵庫県,月給25万円～70万円,公開していません,かんたん応募
株式会社エディオン,社内SE／ヘルプ業務なしの100%自社内開発／在宅勤務推奨,兵庫県 尼崎市 尼崎駅,月給23万円～45万円,11日前,doda
株式会社relation,PG・SE,兵庫県 神戸市 中央区,月給25万円～,7日前,type
株式会社アイビネット,未経験から始めるITエンジニア 年休127日・土日祝休み／社宅・住宅手当アリ／賞与年3回／面接1回,兵庫県,月給18万円～40万円,21日前,エン転職
株式会社ルミナス,あなたの言葉で未来を切り開く Web広告の提案営業&コンサル,兵庫県 神戸市 中央区,"月給27万5,000円～",28日前,マイナビ転職
株式会社ダイヤモンドパーソネル,電気制御設計,兵庫県 神戸市 和田岬駅,年収450万円～650万円,2日前,doda
株式会社P&P,神戸／開発エンジニア／Linux経験者募集!／若手歓迎,兵庫県 神戸市,年収320万円～600万円,1時間前,株式会社テザリング
株式会社JO2,IT技術者全般をを募集しております! 現在未経験の方は募集しておりません,兵庫県,年収300万円～960万円,公開していません,かんたん応募
ケイプラス株式会社,アプリ開発エンジニア,兵庫県,年収300万円～500万円,公開していません,doda
WDB株式会社,システムエンジニア,兵庫県 姫路市 姫路駅 徒歩15分,"時給1,600円～1,700円",8日前,WDB.com
有限会社ケンセイ情報,ITエンジニア 年間休日120日以上／残業月20時間以内,兵庫県,月給20万円～45万円,公開していません,エン転職
株式会社エマーテック,2022 新卒採用 メーカー,兵庫県 神戸市 三宮駅 徒歩10分,公開していません,公開していません,Cheer Career
株式会社エー・ジー・イーカンパニー,システムエンジニア・プログラマー,兵庫県 神戸市 三宮駅 徒歩5分,月給16万円～55万円,公開していません,ハローワーク灘
三菱電機株式会社,セキュリティエンジニア,兵庫県 尼崎市 猪名寺駅 徒歩15分,"年収400万円～1,000万円",2日前,doda
株式会社リューズ,インフラエンジニア 基本計画・提案～構築・運用までライフサイクル全体を経験／離職率3%,兵庫県 西宮市,年収300万円～800万円,2日前,かんたん応募
パーソルエクセルHRパートナーズ,即戦力募集!大手企業でシステム運用!2000円～,兵庫県 明石市 西明石駅 徒歩10分,"時給2,000円～2,100円",公開していません,エン派遣
MHI NSエンジニアリング株式会社,解析業務,兵庫県 神戸市 和田岬駅 徒歩10分,年収400万円～600万円,9日前,タイズ
株式会社アルテクナ,制御・組み込み系システムエンジニア／製造・メーカー,兵庫県 明石市 明石駅,"月給20万6,000円～",27日前,バイトルPRO
EDION 尼崎事務所,ITエンジニア システム開発・社内SE,兵庫県 尼崎市 尼崎駅 徒歩2分,月給24万円～45万円,4日前,求人アスコム
株式会社ミックウェア,サーバーエンジニア／クラウドサーバー構築,兵庫県 神戸市 神戸駅 徒歩5分,年収450万円～850万円,4日前,タイズ
エヌアイシィ株式会社,アプリケーションエンジニア,兵庫県,年収360万円～700万円,公開していません,doda
株式会社EIGHTIST,開発エンジニア／人と関わりたいエンジニアが集まる会社,兵庫県,月給27万円～55万円,19日前,doda
株式会社デザインネットワーク,アプリケーションエンジニア,兵庫県,年収400万円～600万円,公開していません,U29JOB
ALH株式会社,ITエンジニア～第二新卒歓迎／転勤なし／文系理系活躍中／研修充実～,兵庫県,年収278万円～400万円,14日前,doda
株式会社テイジイエル 採用窓口,ヘルプデスク・ユーザーサポート,兵庫県 神戸市 和田岬駅 徒歩5分,"時給1,400円～1,600円",10時間前,はたらこねっと
株式会社クリプテックス,システムエンジニア,兵庫県 神戸市 三宮駅 徒歩5分,年収280万円～560万円,公開していません,U29JOB
有限会社AlphaStyleSolution,未経験歓迎! ITサポート,兵庫県 神戸市,月給22万円～28万円,3日前,マイナビ転職
株式会社スタッフサービス エンジニアリング,ITエンジニア,兵庫県 神戸市 中央区                                                                                                                                                                その他 (38),"月給21万5,000円～",公開していません,かんたん応募
西菱電機株式会社,2023 新卒採用 情報処理,兵庫県,"月給17万円～21万2,100円",8日前,リクナビ2023
ティ・シー・ケイ株式会社,半導体製造装置フィールドエンジニア／装置の設置やトラブル対応,兵庫県 尼崎市,"月給23万3,000円～",13日前,リクナビNEXT
株式会社アジャイルジェイピー,2023 新卒採用 ソフトウェア,兵庫県,"月給20万2,000円～22万6,000円",13日前,リクナビ2023
クリーンテックス・ジャパン株式会社,IT課課長,兵庫県 神戸市 西区,年収530万円,公開していません,paiza転職
ネゾット株式会社,インフラエンジニア,兵庫県 姫路市 姫路駅 徒歩5分,年収550万円～650万円,1日前,Green
株式会社ソフィア,プログラマ 神戸事務所,兵庫県 神戸市 三ノ宮駅 徒歩8分,月給21万950円～25万円,公開していません,かんたん応募
株式会社メイテックキャスト,CAD／建築・土木・設備／メーカー関連,兵庫県 姫路市 広畑駅 徒歩10分,"時給1,900円～",16日前,はたらこねっと
株式会社オフショア,開発マネージャー,兵庫県 神戸市 三ノ宮駅 徒歩4分,年収600万円～800万円,公開していません,U29JOB
株式会社スキルアンドコミュニケーションズ,機械設計エンジニア 大手メーカー案件中心／勤務地は関西エリア内／賞与実績4ヶ月／WEB面接1回のみ,兵庫県,月給25万円～40万円,公開していません,エン転職
田辺工業株式会社,自動化装置の機械施工管理 資格支援制度が充実／東証二部,兵庫県 姫路市 広畑駅,年収450万円～660万円,11日前,doda
KCJ GROUP株式会社,こどもの職業・社会体験施設「キッザニア」のサポートエンジニア,兵庫県 西宮市 甲子園駅,年収380万円～420万円,11日前,doda
RPAホールディングス株式会社,RoboRoboエンジニアリーダー,兵庫県,"年収600万円～1,000万円",11日前,Spring転職エージェント
情報セキュリティ株式会社,インターンシップ／神戸市勤務!セキュリティエンジニア・データサイエンティスト募集,兵庫県 神戸市 神戸駅 徒歩3分,"時給1,000円～",26日前,ゼロワンインターン
株式会社ブレイン・ゲート,2023 新卒採用 ソフトウェア,兵庫県,"月給19万5,000円～22万円",公開していません,リクナビ2023
株式会社プロアクティブ,SE,兵庫県 神戸市 三宮駅 徒歩10分,年収450万円～550万円,5日前,doda
神広企画株式会社,フロントエンドエンジニア／フロントエンジニア 新規開発デザインシュミレーターの開発業務,兵庫県 神戸市 神戸駅,年収400万円～700万円,28日前,レバテックキャリア
株式会社スタイル・フリー,アプリ・システム開発／インフラ設計・構築 年収UPの実績多数,兵庫県 神戸市,月給30万円～,20日前,リクナビNEXT
株式会社ウィジェット,開発エンジニア／SE・PG／AI・IoT案件等幅広い案件アリ,兵庫県,月給25万円～40万円,3日前,doda
マッチスル株式会社,開発エンジニア,兵庫県,公開していません,21日前,type
スターワークスグループ,機械設計、電気、組込み・制御、品質管理 厚待遇,兵庫県 神戸市,月給20万円～,4日前,リクナビNEXT
公益財団法人高輝度光科学研究センター 事務部門,社内SE,兵庫県 相生市 相生駅,年収515万円,18日前,type
株式会社ナノック,ABAPエンジニア,兵庫県 神戸市,年収400万円～800万円,公開していません,doda
クイックネットワーク株式会社,フロントエンドエンジニア,兵庫県 神戸市 三ノ宮駅,年収400万円～600万円,9時間前,Green
株式会社ヒューマンクリエイションホールディングス,名古屋営業所 愛知 株式会社ブレーンナレッジシステムズ 管理職・管理職候補 システムエンジニア,兵庫県,年収500万円～,2日前,Green
PayPay株式会社,AWSエンジニア,兵庫県,"年収500万円～1,200万円",公開していません,Spring転職エージェント
デザミス株式会社,"サーバーサイドエンジニア SE,PG／バックエンドエンジニア ITで農業の発展に貢献!自社サ",兵庫県 三田市 三田駅,年収350万円～700万円,8日前,レバテックキャリア
フューチャーアーキテクト株式会社,ITコンサルタント ～全国各地より勤務可能～,兵庫県,"年収600万円～2,000万円",公開していません,マイナビAGENT
株式会社メンバーズ メンバーズデータアドベンチャ...,データエンジニア,兵庫県 神戸市 中央区,"月給27万5,000円～46万7,000円",17日前,type
株式会社エフエスティ,既卒歓迎／SE・PG／ゼロから成長できて待遇も抜群!「鉄道」や「自動車」関連にも携われる,兵庫県 尼崎市 猪名寺駅 徒歩5分,年収300万円～650万円,17日前,Re就活
CADs 人事部採用課,設計者を目指せるCADエンジニア,兵庫県 神戸市 西区                                                                                                                                                                その他 (8),月給23万円～30万円,3日前,かんたん応募
株式会社セルア,ITエンジニア 未経験者は90日の研修で育成／自社開発案件あり,兵庫県,月給30万円～60万円,13日前,マイナビ転職
株式会社ベネスト,システムエンジニア,兵庫県 神戸市 神戸駅 徒歩4分,年収380万円～700万円,公開していません,U29JOB
株式会社Ling,2023 新卒採用 人材サービス／人材紹介・人材派遣,兵庫県,"月給21万2,500円",6時間前,リクナビ2023
三浦工業株式会社,自社商品のフィールドエンジニア／未経験歓迎／賞与5.7カ月分,兵庫県 神戸市 青木駅,月給21万800円～,10時間前,doda
日本スピンドル製造株式会社,サービスエンジニア,兵庫県 尼崎市 尼崎駅 徒歩10分,年収430万円～640万円,21日前,doda
株式会社ウィルエージェンシー,オフィス事務,兵庫県 姫路市 姫路駅 徒歩7分,"月給21万5,000円～",3時間前,WAQQQ!
三菱電機プラントエンジニアリング株式会社,海外電力会社向けプラント装置の試験業務,兵庫県 神戸市 兵庫区,年収400万円～600万円,公開していません,doda
株式会社クロスゲームズ,業務系SE活躍中!大手メーカーとの協業案件も! ゲームPG,兵庫県 神戸市,月給35万円～60万円,11日前,リクナビNEXT
株式会社ジェイテック,2023 新卒採用 自動車,兵庫県,"月給18万1,200円～20万2,760円",11日前,リクナビ2023
株式会社キャリア,2023 新卒採用 人材サービス／人材紹介・人材派遣,兵庫県,"月給23万1,700円",公開していません,リクナビ2023
エス・アイ・エス株式会社,2023 新卒採用 情報処理,兵庫県,"月給18万5,000円～19万5,000円",公開していません,リクナビ2023
株式会社クラックスシステム,育成採用!成長できる 初級ITエンジニア 賞与年2回／年休120日,兵庫県 尼崎市,月給22万円～35万円,公開していません,マイナビ転職
株式会社IDAJ,シミュレーションエンジニア,兵庫県 神戸市 中央区,公開していません,公開していません,マイナビAGENT
ユニバーサルコンピューター株式会社,組み込みエンジニア ～45年の歴史を持つ老舗SIer～,兵庫県 姫路市,年収464万円～652万円,14日前,doda
新日造エンジ株式会社,自社製品を点検する メンテナンススタッフ 転勤なし!未経験OK,兵庫県 尼崎市,"月給19万5,000円～",12日前,マイナビ転職
株式会社グッドコンピュータ,システムエンジニア・プログラマー,兵庫県 神戸市 三宮駅,月給30万円～50万円,公開していません,株式会社グッドコンピュータ
株式会社Ping-t,IT試験対策の問題作成・保守スタッフ,兵庫県 神戸市 東灘区,月給22万円～,公開していません,しゅふJOB
ベルヴィ株式会社,Webデザイナー／商品PR・LP作成経験歓迎!／4期連続増収増益／強固な財務基盤,兵庫県,年収336万円～420万円,1日前,doda
サイバーフリークス株式会社,Webデザイナー 完全リモート在宅勤務!副業OK!時短OK!自由な社風,兵庫県,月給26万円～50万円,公開していません,かんたん応募
アクティスジャパン株式会社,エンジニア・PG JAVAエンジニア,兵庫県,月給25万円～50万円,公開していません,PROSEEK
エレクス株式会社,ITエンジニア／自社案件有／フルリモート／エンドユーザー8割,兵庫県,月給34万円～70万円,公開していません,doda
新明和ソフトテクノロジ株式会社,システムエンジニア,兵庫県 西宮市,年収450万円～550万円,公開していません,doda
三菱電機エンジニアリング株式会社,組込みソフトウェア開発,兵庫県 尼崎市 猪名寺駅,年収400万円～700万円,公開していません,doda
株式会社ラスク,"SE・PG 在宅ワーク増加中!選べる案件10,000件超",兵庫県 神戸市,月給30万円～60万円,10日前,リクナビNEXT
株式会社安田精機製作所,サービスエンジニア 材料試験装置の国内トップシェア企業,兵庫県 西宮市,公開していません,公開していません,マイナビAGENT
株式会社D-design,OS企業のソフトウェア開発技術者／未経験から一流技術者へ,兵庫県,年収266万円～600万円,11日前,マイナビジョブ20's
ウインクレル株式会社,医療・食品向け機械装置の納入・保守,兵庫県 神戸市 中央区,年収400万円～600万円,公開していません,doda
コンピューターマネージメント株式会社,アプリ開発エンジニア,兵庫県,年収350万円～550万円,14日前,doda
株式会社レックス,バックエンドエンジニア,兵庫県 西宮市 西宮駅 徒歩5分,年収350万円～400万円,公開していません,U29JOB
ナブテスコ株式会社,サービスエンジニア,兵庫県 明石市 魚住駅 車10分,年収400万円～600万円,公開していません,U29JOB
株式会社ダイハツビジネスサポートセンター,業務系システムエンジニア,兵庫県 伊丹市 北伊丹駅,年収484万円～642万円,公開していません,doda
三和ペーパーサービス株式会社,インフラエンジニア,兵庫県 神戸市 須磨区,月給35万円～,25日前,type
株式会社EDIBAM,高給与を目指す若手エンジニア求む,兵庫県,月給25万円～65万円,公開していません,かんたん応募
株式会社プロポーザル,SE,兵庫県,月給32万円～53万円,7日前,type
株式会社菱友システムズ,開発SE,兵庫県 神戸市 兵庫区,年収450万円～680万円,10日前,doda
株式会社トレス・バインド,オープン系システムエンジニア,兵庫県,年収300万円～850万円,公開していません,doda
学校法人三幸学園,専門学校を中心に国内最大規模の学校運営を手掛ける学校法人三幸学園,兵庫県,年収400万円～500万円,3日前,イーキャリアFA
YK Global Education,インフラエンジニア:総合職／年間休日120日以上／教育体制・福利厚生充実,兵庫県 神戸市,月給30万円～55万円,公開していません,かんたん応募
株式会社月詠,ITエンジニア 1040,兵庫県,公開していません,公開していません,PROSEEK
株式会社ダイセル,化学プラントの建築エンジニア プライム市場上場大手化学メーカー,兵庫県 姫路市,公開していません,公開していません,マイナビAGENT
株式会社SGI,軽作業スタッフ,兵庫県 神戸市 三ノ宮駅 徒歩4分,月給25万円～42万円,3日前,マイナビ転職
コベルコシステム株式会社,システムエンジニア,兵庫県 高砂市 荒井駅,年収400万円～670万円,14日前,doda
ACALL株式会社,フロントエンドエンジニア,兵庫県 神戸市 三宮駅 徒歩10分,年収550万円～800万円,公開していません,U29JOB
メルコセミコンダクタエンジニアリング株式会社,社内SE,兵庫県 神戸市 大池駅,年収400万円～650万円,公開していません,doda
新明和工業株式会社,社内SE プライム市場上場の優良メーカー,兵庫県 宝塚市,公開していません,公開していません,マイナビAGENT
株式会社RISING 兵庫支部,イチから成長できるシステムエンジニア 未経験OK,兵庫県 神戸市 中央区,月給25万円～40万円,17日前,株式会社RISING
株式会社トップ,2023 新卒採用 商社／総合,兵庫県,"月給19万7,000円～40万円",公開していません,リクナビ2023
